{"cameraMode":{"drawMode":0,"name":"Shaded","section":"Shading Mode"},"sceneLighting":true,"audioPlay":false,"sceneViewState":{"showFog":true,"showMaterialUpdate":true,"showSkybox":true,"showFlares":true,"showImageEffects":true,"showParticleSystems":true},"in2DMode":false,"pivot":{"x":-13.529041290283204,"y":-6.312170505523682,"z":12.662604331970215},"rotation":{"x":0.15131409466266633,"y":-0.40614932775497439,"z":0.068391814827919,"w":0.898593008518219},"size":23.334524154663087,"orthographic":false}