{"cameraMode":{"drawMode":0,"name":"Shaded","section":"Shading Mode"},"sceneLighting":true,"audioPlay":false,"sceneViewState":{"showFog":false,"showMaterialUpdate":false,"showSkybox":true,"showFlares":false,"showImageEffects":false,"showParticleSystems":false},"in2DMode":false,"pivot":{"x":-0.2262093424797058,"y":0.7172110080718994,"z":2.2636327743530275},"rotation":{"x":-0.09300106763839722,"y":0.01628599688410759,"z":-0.001560616074129939,"w":-0.9955316185951233},"size":12.2170991897583,"orthographic":false}