{"cameraMode":{"drawMode":0,"name":"Shaded","section":"Shading Mode"},"sceneLighting":true,"audioPlay":false,"sceneViewState":{"showFog":false,"showMaterialUpdate":false,"showSkybox":true,"showFlares":false,"showImageEffects":false,"showParticleSystems":false},"in2DMode":false,"pivot":{"x":6.619837760925293,"y":-5.847714424133301,"z":7.119341850280762},"rotation":{"x":0.2753355801105499,"y":0.19441109895706178,"z":-0.05695881322026253,"w":0.9397608637809753},"size":14.71436882019043,"orthographic":false}