{"cameraMode":{"drawMode":0,"name":"Shaded","section":"Shading Mode"},"sceneLighting":true,"audioPlay":false,"sceneViewState":{"showFog":false,"showMaterialUpdate":false,"showSkybox":true,"showFlares":false,"showImageEffects":false,"showParticleSystems":false},"in2DMode":false,"pivot":{"x":-0.012027871794998646,"y":1.7888851165771485,"z":2.7775673866271974},"rotation":{"x":-0.23631209135055543,"y":0.008939768187701702,"z":-0.0021704216487705709,"w":-0.9716337323188782},"size":5.18086576461792,"orthographic":false}