{"cameraMode":{"drawMode":0,"name":"Shaded","section":"Shading Mode"},"sceneLighting":true,"audioPlay":false,"sceneViewState":{"showFog":false,"showMaterialUpdate":false,"showSkybox":true,"showFlares":false,"showImageEffects":false,"showParticleSystems":false},"in2DMode":false,"pivot":{"x":-10.43539047241211,"y":0.9329445362091065,"z":-11.507494926452637},"rotation":{"x":-0.018608296290040017,"y":0.9299532771110535,"z":-0.04751851409673691,"w":-0.3641189634799957},"size":25.14204978942871,"orthographic":false}