{"cameraMode":{"drawMode":0,"name":"Shaded","section":"Shading Mode"},"sceneLighting":true,"audioPlay":false,"sceneViewState":{"showFog":true,"showMaterialUpdate":true,"showSkybox":true,"showFlares":true,"showImageEffects":true,"showParticleSystems":true},"in2DMode":false,"pivot":{"x":5.684300899505615,"y":6.136999130249023,"z":-5.260934829711914},"rotation":{"x":0.2292317897081375,"y":-0.48696115612983706,"z":0.13415907323360444,"w":0.8320595026016235},"size":2.8578836917877199,"orthographic":false}