{"cameraMode":{"drawMode":0,"name":"Shaded","section":"Shading Mode"},"sceneLighting":true,"audioPlay":false,"sceneViewState":{"showFog":false,"showMaterialUpdate":false,"showSkybox":true,"showFlares":false,"showImageEffects":false,"showParticleSystems":false},"in2DMode":false,"pivot":{"x":7.44339656829834,"y":-1.89644193649292,"z":-21.615747451782228},"rotation":{"x":0.006135074887424707,"y":0.9906589984893799,"z":-0.04764418676495552,"w":0.12762093544006349},"size":29.98236083984375,"orthographic":false}