{"cameraMode":{"drawMode":0,"name":"Shaded","section":"Shading Mode"},"sceneLighting":true,"audioPlay":false,"sceneViewState":{"showFog":true,"showMaterialUpdate":true,"showSkybox":true,"showFlares":true,"showImageEffects":true,"showParticleSystems":true},"in2DMode":false,"pivot":{"x":0.40814438462257388,"y":7.459733486175537,"z":-9.91677188873291},"rotation":{"x":-0.260826051235199,"y":0.05647861212491989,"z":-0.015287864953279496,"w":-0.9636110663414002},"size":2.3334522247314455,"orthographic":false}