{"cameraMode":{"drawMode":0,"name":"Shaded","section":"Shading Mode"},"sceneLighting":true,"audioPlay":false,"sceneViewState":{"showFog":true,"showMaterialUpdate":true,"showSkybox":true,"showFlares":true,"showImageEffects":true,"showParticleSystems":true},"in2DMode":false,"pivot":{"x":68.84160614013672,"y":20.94106101989746,"z":5.959131240844727},"rotation":{"x":0.0813036859035492,"y":-0.8084615468978882,"z":0.11502792686223984,"w":0.5714440941810608},"size":27.41600227355957,"orthographic":false}