{"cameraMode":{"drawMode":0,"name":"Shaded","section":"Shading Mode"},"sceneLighting":true,"audioPlay":false,"sceneViewState":{"showFog":false,"showMaterialUpdate":false,"showSkybox":true,"showFlares":false,"showImageEffects":false,"showParticleSystems":false},"in2DMode":false,"pivot":{"x":67.04007720947266,"y":-42.49798583984375,"z":21.155614852905275},"rotation":{"x":0.2226206213235855,"y":0.5765858888626099,"z":-0.1671072393655777,"w":0.7681561708450317},"size":87.84468078613281,"orthographic":false}