{"cameraMode":{"drawMode":0,"name":"Shaded","section":"Shading Mode"},"sceneLighting":true,"audioPlay":false,"sceneViewState":{"showFog":true,"showMaterialUpdate":true,"showSkybox":true,"showFlares":true,"showImageEffects":true,"showParticleSystems":true},"in2DMode":false,"pivot":{"x":23.34844398498535,"y":-16.165231704711915,"z":25.141748428344728},"rotation":{"x":0.2062499225139618,"y":0.3449716866016388,"z":-0.0779852345585823,"w":0.912345290184021},"size":45.15888977050781,"orthographic":false}