{"cameraMode":{"drawMode":0,"name":"Shaded","section":"Shading Mode"},"sceneLighting":true,"audioPlay":false,"sceneViewState":{"showFog":true,"showMaterialUpdate":true,"showSkybox":true,"showFlares":true,"showImageEffects":true,"showParticleSystems":true},"in2DMode":false,"pivot":{"x":77.41356658935547,"y":24.56248664855957,"z":53.33106994628906},"rotation":{"x":0.11055050790309906,"y":-0.7198503613471985,"z":0.11788719147443772,"w":0.675053060054779},"size":22.0,"orthographic":false}