{"cameraMode":{"drawMode":0,"name":"Shaded","section":"Shading Mode"},"sceneLighting":true,"audioPlay":false,"sceneViewState":{"showFog":true,"showMaterialUpdate":true,"showSkybox":true,"showFlares":true,"showImageEffects":true,"showParticleSystems":true},"in2DMode":false,"pivot":{"x":2.8739261627197267,"y":7.562100410461426,"z":-7.138919830322266},"rotation":{"x":-0.33602482080459597,"y":0.21899621188640595,"z":-0.0806465670466423,"w":-0.9124824404716492},"size":0.06654763221740723,"orthographic":false}