{"cameraMode":{"drawMode":0,"name":"Shaded","section":"Shading Mode"},"sceneLighting":true,"audioPlay":false,"sceneViewState":{"showFog":true,"showMaterialUpdate":true,"showSkybox":true,"showFlares":true,"showImageEffects":true,"showParticleSystems":true},"in2DMode":false,"pivot":{"x":3.761068820953369,"y":0.8574225902557373,"z":-2.0976476669311525},"rotation":{"x":0.14698930084705354,"y":-0.5227205753326416,"z":0.09205292165279389,"w":0.8346757292747498},"size":2.8578836917877199,"orthographic":false}