{"cameraMode":{"drawMode":0,"name":"Shaded","section":"Shading Mode"},"sceneLighting":true,"audioPlay":false,"sceneViewState":{"showFog":true,"showMaterialUpdate":true,"showSkybox":true,"showFlares":true,"showImageEffects":true,"showParticleSystems":true},"in2DMode":false,"pivot":{"x":161.93455505371095,"y":119.39864349365235,"z":28.008819580078126},"rotation":{"x":0.315473347902298,"y":-0.3751249611377716,"z":0.13749076426029206,"w":0.8607288599014282},"size":20.290985107421876,"orthographic":false}