{"cameraMode":{"drawMode":0,"name":"Shaded","section":"Shading Mode"},"sceneLighting":true,"audioPlay":false,"sceneViewState":{"showFog":true,"showMaterialUpdate":false,"showSkybox":true,"showFlares":true,"showImageEffects":true,"showParticleSystems":true},"in2DMode":false,"pivot":{"x":-6.445590496063232,"y":-3.6706860065460207,"z":-13.351895332336426},"rotation":{"x":-0.03533270210027695,"y":0.9608070850372315,"z":-0.14551641047000886,"w":-0.23329466581344605},"size":23.334524154663087,"orthographic":false}