{"cameraMode":{"drawMode":0,"name":"Shaded","section":"Shading Mode"},"sceneLighting":true,"audioPlay":false,"sceneViewState":{"showFog":true,"showMaterialUpdate":true,"showSkybox":true,"showFlares":true,"showImageEffects":true,"showParticleSystems":true},"in2DMode":false,"pivot":{"x":-17.9771728515625,"y":-0.2827901840209961,"z":-0.39203858375549319},"rotation":{"x":-0.06546492874622345,"y":-0.9246975779533386,"z":0.18583086133003236,"w":-0.3257540464401245},"size":5.303313732147217,"orthographic":false}