{"cameraMode":{"drawMode":0,"name":"Shaded","section":"Shading Mode"},"sceneLighting":true,"audioPlay":false,"sceneViewState":{"showFog":true,"showMaterialUpdate":true,"showSkybox":true,"showFlares":true,"showImageEffects":true,"showParticleSystems":true},"in2DMode":false,"pivot":{"x":12.31730842590332,"y":-19.507539749145509,"z":20.544166564941408},"rotation":{"x":0.28698113560676577,"y":0.1922944039106369,"z":-0.058920152485370639,"w":0.9365859031677246},"size":45.15888977050781,"orthographic":false}