{"cameraMode":{"drawMode":0,"name":"Shaded","section":"Shading Mode"},"sceneLighting":true,"audioPlay":false,"sceneViewState":{"showFog":true,"showMaterialUpdate":true,"showSkybox":true,"showFlares":true,"showImageEffects":true,"showParticleSystems":true},"in2DMode":false,"pivot":{"x":1.2455408573150635,"y":0.526271641254425,"z":0.6937776803970337},"rotation":{"x":0.10874765366315842,"y":-0.842058002948761,"z":0.1850537657737732,"w":0.4948407709598541},"size":2.8578836917877199,"orthographic":false}