{"cameraMode":{"drawMode":0,"name":"Shaded","section":"Shading Mode"},"sceneLighting":true,"audioPlay":false,"sceneViewState":{"showFog":true,"showMaterialUpdate":true,"showSkybox":true,"showFlares":true,"showImageEffects":true,"showParticleSystems":true},"in2DMode":false,"pivot":{"x":82.53775024414063,"y":25.39798355102539,"z":16.474918365478517},"rotation":{"x":0.20267730951309205,"y":-0.046982940286397937,"z":0.009737387299537659,"w":0.9780693650245667},"size":22.0,"orthographic":false}