{"cameraMode":{"drawMode":0,"name":"Shaded","section":"Shading Mode"},"sceneLighting":true,"audioPlay":false,"sceneViewState":{"showFog":true,"showMaterialUpdate":true,"showSkybox":true,"showFlares":true,"showImageEffects":true,"showParticleSystems":true},"in2DMode":false,"pivot":{"x":3.5104758739471437,"y":5.412712097167969,"z":-9.802214622497559},"rotation":{"x":0.24118342995643617,"y":-0.22885456681251527,"z":0.05864020809531212,"w":0.9412850737571716},"size":2.8578836917877199,"orthographic":false}