{"cameraMode":{"drawMode":0,"name":"Shaded","section":"Shading Mode"},"sceneLighting":true,"audioPlay":false,"sceneViewState":{"showFog":true,"showMaterialUpdate":true,"showSkybox":true,"showFlares":true,"showImageEffects":true,"showParticleSystems":true},"in2DMode":false,"pivot":{"x":0.26313114166259768,"y":1.623791217803955,"z":0.6056561470031738},"rotation":{"x":-0.28112778067588808,"y":0.537433385848999,"z":-0.19608861207962037,"w":-0.7705075740814209},"size":12.2170991897583,"orthographic":false}