{"cameraMode":{"drawMode":0,"name":"Shaded","section":"Shading Mode"},"sceneLighting":true,"audioPlay":false,"sceneViewState":{"showFog":true,"showMaterialUpdate":true,"showSkybox":true,"showFlares":true,"showImageEffects":true,"showParticleSystems":true},"in2DMode":false,"pivot":{"x":-12.36573600769043,"y":0.8902177810668945,"z":11.432865142822266},"rotation":{"x":0.02873021364212036,"y":-0.3196391463279724,"z":0.009697070345282555,"w":0.9470540881156921},"size":34.67732238769531,"orthographic":false}