{"cameraMode":{"drawMode":0,"name":"Shaded","section":"Shading Mode"},"sceneLighting":true,"audioPlay":false,"sceneViewState":{"showFog":false,"showMaterialUpdate":false,"showSkybox":true,"showFlares":false,"showImageEffects":false,"showParticleSystems":false},"in2DMode":false,"pivot":{"x":-0.27556782960891726,"y":-4.674490928649902,"z":7.305582046508789},"rotation":{"x":0.3352966904640198,"y":0.023996485397219659,"z":-0.008547193370759488,"w":0.9417681694030762},"size":19.413301467895509,"orthographic":false}