{"cameraMode":{"drawMode":0,"name":"Shaded","section":"Shading Mode"},"sceneLighting":true,"audioPlay":false,"sceneViewState":{"showFog":false,"showMaterialUpdate":false,"showSkybox":true,"showFlares":false,"showImageEffects":false,"showParticleSystems":false},"in2DMode":false,"pivot":{"x":-239.88351440429688,"y":-13.880644798278809,"z":350.4109802246094},"rotation":{"x":0.05027204379439354,"y":-0.29187294840812685,"z":0.015359153039753437,"w":0.9550116062164307},"size":428.69964599609377,"orthographic":false}