{"cameraMode":{"drawMode":0,"name":"Shaded","section":"Shading Mode"},"sceneLighting":true,"audioPlay":false,"sceneViewState":{"showFog":true,"showMaterialUpdate":true,"showSkybox":true,"showFlares":true,"showImageEffects":true,"showParticleSystems":true},"in2DMode":false,"pivot":{"x":0.8770232200622559,"y":0.48108530044555666,"z":1.7851848602294922},"rotation":{"x":-0.13484640419483186,"y":0.034220047295093539,"z":-0.004660637117922306,"w":-0.9902645349502564},"size":22.0,"orthographic":false}