{"cameraMode":{"drawMode":0,"name":"Shaded","section":"Shading Mode"},"sceneLighting":true,"audioPlay":false,"sceneViewState":{"showFog":false,"showMaterialUpdate":false,"showSkybox":true,"showFlares":false,"showImageEffects":false,"showParticleSystems":false},"in2DMode":false,"pivot":{"x":-1.3382656574249268,"y":5.681096076965332,"z":-5.058781623840332},"rotation":{"x":-0.1877129226922989,"y":-0.049873482435941699,"z":0.009547808207571507,"w":-0.9809104800224304},"size":4.734090805053711,"orthographic":false}