{"cameraMode":{"drawMode":0,"name":"Shaded","section":"Shading Mode"},"sceneLighting":true,"audioPlay":false,"sceneViewState":{"showFog":true,"showMaterialUpdate":true,"showSkybox":true,"showFlares":true,"showImageEffects":true,"showParticleSystems":true},"in2DMode":false,"pivot":{"x":-1.4585038423538209,"y":1.4202321767807007,"z":0.7755506038665772},"rotation":{"x":-0.005371927283704281,"y":-0.9945820569992065,"z":0.07805934548377991,"w":-0.06844312697649002},"size":4.010210990905762,"orthographic":false}