{"cameraMode":{"drawMode":0,"name":"Shaded","section":"Shading Mode"},"sceneLighting":true,"audioPlay":false,"sceneViewState":{"showFog":true,"showMaterialUpdate":true,"showSkybox":true,"showFlares":true,"showImageEffects":true,"showParticleSystems":true},"in2DMode":false,"pivot":{"x":-1.2509633302688599,"y":-0.4268531799316406,"z":-4.516839981079102},"rotation":{"x":0.07972060889005661,"y":-0.9004495739936829,"z":0.18658022582530976,"w":0.38473770022392275},"size":3.457883596420288,"orthographic":false}