{"cameraMode":{"drawMode":0,"name":"Shaded","section":"Shading Mode"},"sceneLighting":true,"audioPlay":false,"sceneViewState":{"showFog":true,"showMaterialUpdate":true,"showSkybox":true,"showFlares":true,"showImageEffects":true,"showParticleSystems":true},"in2DMode":false,"pivot":{"x":0.9870907068252564,"y":2.682030439376831,"z":-10.68195915222168},"rotation":{"x":-0.010763214901089669,"y":0.1152796819806099,"z":-0.0012504361802712083,"w":-0.9932739734649658},"size":3.457883596420288,"orthographic":false}