{"cameraMode":{"drawMode":0,"name":"Shaded","section":"Shading Mode"},"sceneLighting":true,"audioPlay":false,"sceneViewState":{"showFog":true,"showMaterialUpdate":true,"showSkybox":true,"showFlares":true,"showImageEffects":true,"showParticleSystems":true},"in2DMode":false,"pivot":{"x":1.4248279333114625,"y":2.3287434577941896,"z":-3.381497383117676},"rotation":{"x":0.31290414929389956,"y":-0.17948023974895478,"z":0.06034085899591446,"w":0.9307184815406799},"size":2.8578836917877199,"orthographic":false}