{"cameraMode":{"drawMode":0,"name":"Shaded","section":"Shading Mode"},"sceneLighting":true,"audioPlay":false,"sceneViewState":{"showFog":false,"showMaterialUpdate":false,"showSkybox":true,"showFlares":false,"showImageEffects":false,"showParticleSystems":false},"in2DMode":false,"pivot":{"x":-3.0959091186523439,"y":0.7938219308853149,"z":-1.5918292999267579},"rotation":{"x":0.06454754620790482,"y":-0.7538203597068787,"z":0.07489817589521408,"w":0.6495989561080933},"size":7.939314365386963,"orthographic":false}