{"cameraMode":{"drawMode":0,"name":"Shaded","section":"Shading Mode"},"sceneLighting":true,"audioPlay":false,"sceneViewState":{"showFog":false,"showMaterialUpdate":false,"showSkybox":true,"showFlares":false,"showImageEffects":false,"showParticleSystems":false},"in2DMode":false,"pivot":{"x":2.7994821071624758,"y":-6.879249095916748,"z":-3.1899311542510988},"rotation":{"x":0.05499681830406189,"y":0.9261026978492737,"z":-0.3422941267490387,"w":0.1488080769777298},"size":19.413301467895509,"orthographic":false}