{"cameraMode":{"drawMode":0,"name":"Shaded","section":"Shading Mode"},"sceneLighting":true,"audioPlay":false,"sceneViewState":{"showFog":true,"showMaterialUpdate":true,"showSkybox":true,"showFlares":true,"showImageEffects":true,"showParticleSystems":true},"in2DMode":false,"pivot":{"x":-10.260612487792969,"y":2.587568998336792,"z":2.7986159324645998},"rotation":{"x":-0.040503907948732379,"y":-0.925400972366333,"z":0.10344337671995163,"w":-0.36234250664711},"size":0.3966869115829468,"orthographic":false}