{"cameraMode":{"drawMode":0,"name":"Shaded","section":"Shading Mode"},"sceneLighting":true,"audioPlay":false,"sceneViewState":{"showFog":true,"showMaterialUpdate":true,"showSkybox":true,"showFlares":true,"showImageEffects":true,"showParticleSystems":true},"in2DMode":false,"pivot":{"x":14.701602935791016,"y":-7.415010452270508,"z":-35.551002502441409},"rotation":{"x":0.021324383094906808,"y":0.9728527665138245,"z":-0.09989849478006363,"w":0.20766104757785798},"size":45.15888977050781,"orthographic":false}