{"cameraMode":{"drawMode":0,"name":"Shaded","section":"Shading Mode"},"sceneLighting":true,"audioPlay":false,"sceneViewState":{"showFog":false,"showMaterialUpdate":false,"showSkybox":true,"showFlares":false,"showImageEffects":false,"showParticleSystems":false},"in2DMode":false,"pivot":{"x":3.7271728515625,"y":6.531152248382568,"z":7.431727409362793},"rotation":{"x":0.05549170821905136,"y":-0.9426775574684143,"z":0.2609674036502838,"w":0.20043852925300599},"size":3.989082098007202,"orthographic":false}