{"cameraMode":{"drawMode":0,"name":"Shaded","section":"Shading Mode"},"sceneLighting":true,"audioPlay":false,"sceneViewState":{"showFog":false,"showMaterialUpdate":false,"showSkybox":true,"showFlares":false,"showImageEffects":false,"showParticleSystems":false},"in2DMode":false,"pivot":{"x":0.9993543028831482,"y":-2.057964324951172,"z":9.199986457824707},"rotation":{"x":0.2767488658428192,"y":-0.02739706262946129,"z":0.007891794666647911,"w":0.9605193138122559},"size":15.274454116821289,"orthographic":false}