{"cameraMode":{"drawMode":0,"name":"Shaded","section":"Shading Mode"},"sceneLighting":true,"audioPlay":false,"sceneViewState":{"showFog":true,"showMaterialUpdate":true,"showSkybox":true,"showFlares":true,"showImageEffects":true,"showParticleSystems":true},"in2DMode":false,"pivot":{"x":13.55257511138916,"y":10.229979515075684,"z":4.254223823547363},"rotation":{"x":0.17788098752498628,"y":-0.7931068539619446,"z":0.27461445331573489,"w":0.5137381553649902},"size":2.8578836917877199,"orthographic":false}