{"cameraMode":{"drawMode":0,"name":"Shaded","section":"Shading Mode"},"sceneLighting":true,"audioPlay":false,"sceneViewState":{"showFog":true,"showMaterialUpdate":true,"showSkybox":true,"showFlares":true,"showImageEffects":true,"showParticleSystems":true},"in2DMode":false,"pivot":{"x":6.237678527832031,"y":1.7823315858840943,"z":2.9426047801971437},"rotation":{"x":0.05270715430378914,"y":-0.881070077419281,"z":0.10116902738809586,"w":0.45902326703071597},"size":4.010210990905762,"orthographic":false}