{"cameraMode":{"drawMode":0,"name":"Shaded","section":"Shading Mode"},"sceneLighting":true,"audioPlay":false,"sceneViewState":{"showFog":true,"showMaterialUpdate":true,"showSkybox":true,"showFlares":true,"showImageEffects":true,"showParticleSystems":true},"in2DMode":false,"pivot":{"x":-25.90269660949707,"y":-7.594708442687988,"z":0.03550529479980469},"rotation":{"x":0.08250682055950165,"y":-0.7129889130592346,"z":0.08512348681688309,"w":0.6910813450813294},"size":38.16777038574219,"orthographic":false}