{"cameraMode":{"drawMode":0,"name":"Shaded","section":"Shading Mode"},"sceneLighting":true,"audioPlay":false,"sceneViewState":{"showFog":false,"showMaterialUpdate":false,"showSkybox":true,"showFlares":false,"showImageEffects":false,"showParticleSystems":false},"in2DMode":false,"pivot":{"x":3.1016929149627687,"y":0.9006764888763428,"z":-0.6127053499221802},"rotation":{"x":0.021807998418807985,"y":-0.9703845977783203,"z":0.2206384837627411,"w":0.09590040892362595},"size":3.989082098007202,"orthographic":false}