{"cameraMode":{"drawMode":0,"name":"Shaded","section":"Shading Mode"},"sceneLighting":true,"audioPlay":false,"sceneViewState":{"showFog":false,"showMaterialUpdate":false,"showSkybox":true,"showFlares":false,"showImageEffects":false,"showParticleSystems":false},"in2DMode":false,"pivot":{"x":-1.2049915790557862,"y":0.10815399885177612,"z":13.938400268554688},"rotation":{"x":0.023993879556655885,"y":-0.01949411630630493,"z":0.00046786648454144597,"w":0.9995219707489014},"size":25.10346031188965,"orthographic":false}