{"cameraMode":{"drawMode":0,"name":"Shaded","section":"Shading Mode"},"sceneLighting":true,"audioPlay":false,"sceneViewState":{"showFog":false,"showMaterialUpdate":false,"showSkybox":true,"showFlares":false,"showImageEffects":false,"showParticleSystems":false},"in2DMode":false,"pivot":{"x":1.4400721788406373,"y":-2.7651238441467287,"z":6.34451961517334},"rotation":{"x":0.22153879702091218,"y":0.03361969441175461,"z":-0.007644755765795708,"w":0.9745419025421143},"size":16.680086135864259,"orthographic":false}