{"cameraMode":{"drawMode":0,"name":"Shaded","section":"Shading Mode"},"sceneLighting":true,"audioPlay":false,"sceneViewState":{"showFog":false,"showMaterialUpdate":false,"showSkybox":true,"showFlares":false,"showImageEffects":false,"showParticleSystems":false},"in2DMode":false,"pivot":{"x":-6.682677745819092,"y":-9.085969924926758,"z":39.222774505615237},"rotation":{"x":0.12231112271547318,"y":-0.08358830213546753,"z":0.010335555300116539,"w":0.9889116287231445},"size":56.869712829589847,"orthographic":false}