{"cameraMode":{"drawMode":0,"name":"Shaded","section":"Shading Mode"},"sceneLighting":true,"audioPlay":false,"sceneViewState":{"showFog":false,"showMaterialUpdate":false,"showSkybox":true,"showFlares":false,"showImageEffects":false,"showParticleSystems":false},"in2DMode":false,"pivot":{"x":-2.826429843902588,"y":-3.27180814743042,"z":10.914064407348633},"rotation":{"x":0.22509458661079408,"y":-0.17860141396522523,"z":0.04200982302427292,"w":0.9569060206413269},"size":15.8008451461792,"orthographic":false}