{"cameraMode":{"drawMode":0,"name":"Shaded","section":"Shading Mode"},"sceneLighting":true,"audioPlay":false,"sceneViewState":{"showFog":true,"showMaterialUpdate":true,"showSkybox":true,"showFlares":true,"showImageEffects":true,"showParticleSystems":true},"in2DMode":false,"pivot":{"x":-2.794973611831665,"y":-0.2094416618347168,"z":0.7589197158813477},"rotation":{"x":-0.19020581245422364,"y":0.1554112434387207,"z":-0.030509816482663156,"w":-0.968885064125061},"size":8.590882301330567,"orthographic":false}