{"cameraMode":{"drawMode":0,"name":"Shaded","section":"Shading Mode"},"sceneLighting":true,"audioPlay":false,"sceneViewState":{"showFog":true,"showMaterialUpdate":true,"showSkybox":true,"showFlares":true,"showImageEffects":true,"showParticleSystems":true},"in2DMode":false,"pivot":{"x":81.98807525634766,"y":24.702220916748048,"z":54.13783645629883},"rotation":{"x":0.10555329918861389,"y":-0.8519812226295471,"z":0.18857473134994508,"w":0.47689223289489748},"size":2.8578836917877199,"orthographic":false}