{"cameraMode":{"drawMode":0,"name":"Shaded","section":"Shading Mode"},"sceneLighting":true,"audioPlay":false,"sceneViewState":{"showFog":true,"showMaterialUpdate":true,"showSkybox":true,"showFlares":true,"showImageEffects":true,"showParticleSystems":true},"in2DMode":false,"pivot":{"x":-3.485847234725952,"y":3.0808324813842775,"z":26.242050170898439},"rotation":{"x":0.001822363119572401,"y":-0.07193991541862488,"z":0.00013199093518778682,"w":0.9974072575569153},"size":34.80996322631836,"orthographic":false}