{"cameraMode":{"drawMode":0,"name":"Shaded","section":"Shading Mode"},"sceneLighting":true,"audioPlay":false,"sceneViewState":{"showFog":false,"showMaterialUpdate":false,"showSkybox":true,"showFlares":false,"showImageEffects":false,"showParticleSystems":false},"in2DMode":false,"pivot":{"x":2.8140084743499758,"y":0.08836932480335236,"z":1.4516327381134034},"rotation":{"x":0.14832378923892976,"y":0.3468022048473358,"z":-0.05564706772565842,"w":0.9244629740715027},"size":6.6783037185668949,"orthographic":false}