{"cameraMode":{"drawMode":0,"name":"Shaded","section":"Shading Mode"},"sceneLighting":true,"audioPlay":false,"sceneViewState":{"showFog":false,"showMaterialUpdate":false,"showSkybox":true,"showFlares":false,"showImageEffects":false,"showParticleSystems":false},"in2DMode":false,"pivot":{"x":-5.442870616912842,"y":1.160929799079895,"z":-0.08307556807994843},"rotation":{"x":-0.12644566595554353,"y":0.8095806837081909,"z":-0.1891741007566452,"w":-0.5411133766174316},"size":25.14204978942871,"orthographic":false}