{"cameraMode":{"drawMode":0,"name":"Shaded","section":"Shading Mode"},"sceneLighting":true,"audioPlay":false,"sceneViewState":{"showFog":false,"showMaterialUpdate":false,"showSkybox":true,"showFlares":false,"showImageEffects":false,"showParticleSystems":false},"in2DMode":false,"pivot":{"x":1.0882542133331299,"y":2.2179794311523439,"z":-5.342952728271484},"rotation":{"x":0.041606806218624118,"y":-0.13447651267051698,"z":0.005651499144732952,"w":0.9900268316268921},"size":2.8578836917877199,"orthographic":false}