{"cameraMode":{"drawMode":0,"name":"Shaded","section":"Shading Mode"},"sceneLighting":true,"audioPlay":false,"sceneViewState":{"showFog":true,"showMaterialUpdate":true,"showSkybox":true,"showFlares":true,"showImageEffects":true,"showParticleSystems":true},"in2DMode":false,"pivot":{"x":8.696003913879395,"y":-1.1656486988067628,"z":18.22930908203125},"rotation":{"x":0.02981562539935112,"y":0.1804230809211731,"z":-0.005471352022141218,"w":0.9831218719482422},"size":26.599889755249025,"orthographic":false}