{"cameraMode":{"drawMode":0,"name":"Shaded","section":"Shading Mode"},"sceneLighting":true,"audioPlay":false,"sceneViewState":{"showFog":false,"showMaterialUpdate":false,"showSkybox":true,"showFlares":false,"showImageEffects":false,"showParticleSystems":false},"in2DMode":false,"pivot":{"x":0.8581857681274414,"y":0.9342197179794312,"z":0.03670144081115723},"rotation":{"x":0.04608607664704323,"y":-0.9493801593780518,"z":0.16693943738937379,"w":0.262077659368515},"size":3.989082098007202,"orthographic":false}