{"cameraMode":{"drawMode":0,"name":"Shaded","section":"Shading Mode"},"sceneLighting":true,"audioPlay":false,"sceneViewState":{"showFog":false,"showMaterialUpdate":false,"showSkybox":true,"showFlares":false,"showImageEffects":false,"showParticleSystems":false},"in2DMode":false,"pivot":{"x":5.061324596405029,"y":5.781627178192139,"z":2.7126171588897707},"rotation":{"x":0.08985898643732071,"y":-0.858989417552948,"z":0.1616724133491516,"w":0.47741445899009707},"size":9.714994430541993,"orthographic":false}