{"cameraMode":{"drawMode":0,"name":"Shaded","section":"Shading Mode"},"sceneLighting":true,"audioPlay":false,"sceneViewState":{"showFog":true,"showMaterialUpdate":true,"showSkybox":true,"showFlares":true,"showImageEffects":true,"showParticleSystems":true},"in2DMode":false,"pivot":{"x":2.716822385787964,"y":-1.1424551010131837,"z":16.377822875976564},"rotation":{"x":-0.08991993963718414,"y":-0.08054104447364807,"z":0.00729481503367424,"w":-0.9926602244377136},"size":22.0,"orthographic":false}